Model Type,Step Length,Neighborhood Size,Metric,n,median,q1,q3,p5,p95,iqr,tukey_outlier_rate
Mixture NCA,25,1,KL Divergence,1500,10.170092105865479,9.404071807861328,14.507503509521484,8.96832275390625,15.123337745666504,5.103431701660156,0.0
Mixture NCA,25,1,Chi-Square,1500,1.4209476709365847,1.3203474283218384,1.5431472063064575,1.160580825805664,1.6489027738571167,0.22279977798461914,0.0
Mixture NCA,25,1,Categorical MMD,1500,0.6244443655014038,0.4955555200576782,0.762222170829773,0.3355555534362793,0.9691111028194427,0.2666666507720947,0.0033333333333333335
Mixture NCA,25,1,Tumor Size Diff,1500,0.9234740734100342,0.7314974069595337,1.1320005655288696,0.49632596373558047,1.4399906754493712,0.40050315856933594,0.0033333333333333335
Mixture NCA,25,1,Border Size Diff,1500,0.7608115673065186,0.6406834125518799,0.8909503817558289,0.500533938407898,1.071142554283142,0.250266969203949,0.006666666666666667
Mixture NCA,25,1,Spatial Variance Diff,1500,0.834504246711731,0.6035605818033218,1.0735539197921753,0.26500388383865353,1.4403774619102478,0.46999333798885345,0.008666666666666666
Mixture NCA,25,2,KL Divergence,1500,0.12780647724866862,0.087876733392477,0.1811221428215503,0.049746501445770204,0.3157589986920356,0.09324540942907332,0.048
Mixture NCA,25,2,Chi-Square,1500,0.0907008498907089,0.06864614970982072,0.11535956338047976,0.042356836423277804,0.15249083191156382,0.04671341367065904,0.004666666666666667
Mixture NCA,25,2,Categorical MMD,1500,0.6133333444595337,0.5,0.7511110305786133,0.3577777147293091,0.9312222063541411,0.2511110305786133,0.0033333333333333335
Mixture NCA,25,2,Tumor Size Diff,1500,0.5792400240898132,0.3905732631683349,0.7844564914703369,0.211836352944374,1.1025419950485227,0.393883228302002,0.008
Mixture NCA,25,2,Border Size Diff,1500,0.1501601785421371,0.0700747519731521,0.250266969203949,0.0100106783211231,0.4304591715335846,0.18019221723079687,0.015333333333333332
Mixture NCA,25,2,Spatial Variance Diff,1500,0.403825968503952,0.18327191844582558,0.6273540258407593,0.035323336906731104,0.997649386525154,0.4440821073949337,0.009333333333333334
Mixture NCA,25,3,KL Divergence,1500,0.18647693097591395,0.04790073540061705,2.395086109638214,0.010807130113244025,4.877254056930542,2.347185374237597,0.013333333333333334
Mixture NCA,25,3,Chi-Square,1500,0.1480757370591163,0.0457678129896521,0.32580567896366114,0.01046826839447018,0.5339001178741455,0.28003786597400904,0.008666666666666666
Mixture NCA,25,3,Categorical MMD,1500,0.713333249092102,0.5777777433395386,0.8383332788944244,0.3955554962158203,1.0424444794654844,0.26055553555488586,0.005333333333333333
Mixture NCA,25,3,Tumor Size Diff,1500,0.6619886159896851,0.4766317903995514,0.8945121020078659,0.22160069122910492,1.2081291675567627,0.4178803116083145,0.004
Mixture NCA,25,3,Border Size Diff,1500,0.5105445981025696,0.3503737449645996,0.6607047915458679,0.1296382807195187,0.8509076833724976,0.3103310465812683,0.0026666666666666666
Mixture NCA,25,3,Spatial Variance Diff,1500,0.6177704930305481,0.3666405379772186,0.8773152977228165,0.08880115859210483,1.2504906594753262,0.5106747597455978,0.005333333333333333
Mixture NCA,25,4,KL Divergence,1500,0.041145021095871856,0.024393202736973724,0.06505350954830642,0.011088757216930296,0.13231561407446854,0.0406603068113327,0.058
Mixture NCA,25,4,Chi-Square,1500,0.037110298871994,0.023307091556489377,0.05513159651309245,0.01081288754940031,0.0948747679591178,0.03182450495660307,0.034
Mixture NCA,25,4,Categorical MMD,1500,0.5422221422195435,0.4222221374511719,0.6733332872390747,0.2822221517562866,0.8799999952316284,0.25111114978790283,0.004666666666666667
Mixture NCA,25,4,Tumor Size Diff,1500,0.3773334920406341,0.1820468604564666,0.5866873860359192,0.0397193171083927,0.9003044962882996,0.4046405255794526,0.007333333333333333
Mixture NCA,25,4,Border Size Diff,1500,0.250266969203949,0.1301388144493103,0.3904164433479309,0.0300320349633693,0.5806193351745605,0.2602776288986206,0.006666666666666667
Mixture NCA,25,4,Spatial Variance Diff,1500,0.4301730543375015,0.2105809338390827,0.6898714005947113,0.0534182172268629,1.0253464579582212,0.4792904667556286,0.005333333333333333
Mixture NCA,25,5,KL Divergence,1500,0.019709724932908998,0.01239756494760505,0.0315195014700293,0.0055617635138332355,0.05562536455690856,0.01912193652242425,0.04066666666666666
Mixture NCA,25,5,Chi-Square,1500,0.0193824619054794,0.0121465381234884,0.030361928977072197,0.005503537319600501,0.05352326892316335,0.0182153908535838,0.037333333333333336
Mixture NCA,25,5,Categorical MMD,1500,0.5877777338027954,0.4688888788223266,0.7155555486679077,0.3155555725097656,0.9134444057941437,0.2466666698455811,0.004666666666666667
Mixture NCA,25,5,Tumor Size Diff,1500,0.3988481312990188,0.20438897982239715,0.623096764087677,0.03624387718737125,0.9367138743400574,0.4187077842652799,0.008666666666666666
Mixture NCA,25,5,Border Size Diff,1500,0.2702883183956146,0.1401495039463043,0.4304591715335846,0.0300320349633693,0.6406834125518799,0.2903096675872803,0.004
Mixture NCA,25,5,Spatial Variance Diff,1500,0.4226035922765732,0.2045087106525898,0.6729820668697357,0.03716641552746295,1.018020588159561,0.4684733562171459,0.006666666666666667
Mixture NCA,25,6,KL Divergence,1500,0.45285034179687494,0.3037084415555,1.734176754951477,0.15867420211434363,3.0972233653068537,1.430468313395977,0.034
Mixture NCA,25,6,Chi-Square,1500,0.253916472196579,0.20071218907833094,0.3053985387086868,0.12354969903826714,0.3799394756555557,0.10468634963035583,0.010666666666666666
Mixture NCA,25,6,Categorical MMD,1500,0.7377777099609375,0.6133333444595337,0.855555534362793,0.4511110782623291,1.0755555629730225,0.24222218990325928,0.01
Mixture NCA,25,6,Tumor Size Diff,1500,0.4915265291929245,0.2912749946117401,0.7281874418258667,0.0661988630890846,1.0692770838737486,0.4369124472141266,0.008
Mixture NCA,25,6,Border Size Diff,1500,0.2002135664224624,0.0900961011648178,0.3403630554676056,0.0200213566422462,0.5911305308341975,0.2502669543027878,0.027333333333333334
Mixture NCA,25,6,Spatial Variance Diff,1500,0.2663874626159668,0.12577850744128224,0.45190583914518356,0.025272112991660788,0.7877091318368906,0.3261273317039013,0.025333333333333333
Mixture NCA,25,7,KL Divergence,1500,0.031875442713499055,0.02028013393282885,0.04864776041358707,0.007301808265037781,0.08576580472290508,0.02836762648075822,0.04
Mixture NCA,25,7,Chi-Square,1500,0.029824536293745,0.01922653662040825,0.04392033908516163,0.00711319923866532,0.07207382097840302,0.02469380246475338,0.03
Mixture NCA,25,7,Categorical MMD,1500,0.5533332824707031,0.4333332777023315,0.6888889074325562,0.3109999775886535,0.8801111042499541,0.25555562973022466,0.0033333333333333335
Mixture NCA,25,7,Tumor Size Diff,1500,0.3541639149188995,0.1853568106889724,0.5593803524971008,0.0330994315445423,0.8905401587486266,0.37402354180812847,0.011333333333333334
Mixture NCA,25,7,Border Size Diff,1500,0.3303523957729339,0.2102242410182953,0.4705018699169159,0.0500533916056156,0.6406834125518799,0.2602776288986206,0.006666666666666667
Mixture NCA,25,7,Spatial Variance Diff,1500,0.4333544373512268,0.2268468253314495,0.665864422917366,0.050382655858993465,1.0042633593082428,0.4390175975859165,0.008666666666666666
Mixture NCA,50,1,KL Divergence,1500,9.976470947265623,9.426474571228027,14.430960655212402,8.955238342285156,15.057601451873778,5.004486083984375,0.0
Mixture NCA,50,1,Chi-Square,1500,1.4047614932060242,1.3176721334457397,1.5285738408565521,1.1519675254821775,1.633780938386917,0.21090170741081238,0.0006666666666666666
Mixture NCA,50,1,Categorical MMD,1500,0.6222221851348877,0.4955555200576782,0.762222170829773,0.3355555534362793,0.9691111028194427,0.2666666507720947,0.0033333333333333335
Mixture NCA,50,1,Tumor Size Diff,1500,0.9234740734100342,0.7339798808097839,1.1320005655288696,0.4964914619922638,1.4401561737060544,0.3980206847190857,0.0033333333333333335
Mixture NCA,50,1,Border Size Diff,1500,0.7608115673065186,0.6406834125518799,0.8909503817558289,0.500533938407898,1.071142554283142,0.250266969203949,0.006
Mixture NCA,50,1,Spatial Variance Diff,1500,0.8321624398231506,0.587513193488121,1.0735539197921753,0.25393811613321304,1.4404746294021606,0.48604072630405426,0.004
Mixture NCA,50,2,KL Divergence,1500,0.07312874868512151,0.05073671601712702,0.09981262497603885,0.0276288175955414,0.16462053433060636,0.049075908958911826,0.036
Mixture NCA,50,2,Chi-Square,1500,0.0630587227642536,0.0456283064559102,0.08315365202724928,0.026115282904356666,0.11772395670413971,0.03752534557133908,0.018
Mixture NCA,50,2,Categorical MMD,1500,0.6599999666213989,0.5488888025283813,0.7888888120651245,0.4111111164093017,0.9734444677829741,0.24000000953674316,0.0026666666666666666
Mixture NCA,50,2,Tumor Size Diff,1500,0.4998013973236084,0.3045147657394409,0.7050178647041321,0.1158480048179626,1.0260822772979736,0.40050309896469116,0.008666666666666666
Mixture NCA,50,2,Border Size Diff,1500,0.3503737449645996,0.1801922023296356,0.5505872964859009,0.0300320349633693,0.8814402550458904,0.37039509415626526,0.008
Mixture NCA,50,2,Spatial Variance Diff,1500,0.2452197223901748,0.12434223107993597,0.42034636437892914,0.02720902701839803,0.7822565555572509,0.29600413329899317,0.030666666666666665
Mixture NCA,50,3,KL Divergence,1500,2.9618200063705444,0.3951762467622757,5.189490795135498,0.04494673144072288,16.85610427856445,4.794314548373222,0.062
Mixture NCA,50,3,Chi-Square,1500,0.3730472326278686,0.21792003139853472,0.5318025946617126,0.042575961537659156,1.0,0.3138825632631779,0.028
Mixture NCA,50,3,Categorical MMD,1500,0.7277777791023254,0.5883333086967468,0.8600000143051147,0.3911110162734985,1.073444378376007,0.2716667056083679,0.006
Mixture NCA,50,3,Tumor Size Diff,1500,0.8341056108474731,0.6214417964220047,1.0426321029663086,0.37054812461137765,1.3704818844795226,0.4211903065443039,0.008
Mixture NCA,50,3,Border Size Diff,1500,0.6607047915458679,0.4404698610305786,0.8308863043785095,0.1601708531379699,1.091163992881775,0.3904164433479309,0.0013333333333333333
Mixture NCA,50,3,Spatial Variance Diff,1500,0.7470659017562866,0.4462936073541641,1.0611422061920166,0.09953410588204856,1.868596631288528,0.6148485988378525,0.044
Mixture NCA,50,4,KL Divergence,1500,0.0333258174359798,0.0183029416948556,0.05897490028291935,0.00798463001847261,0.1294524244964122,0.04067195858806375,0.056666666666666664
Mixture NCA,50,4,Chi-Square,1500,0.0311368461698293,0.017810305114835452,0.04995289165526627,0.007964411238208326,0.09128453470766543,0.03214258654043082,0.035333333333333335
Mixture NCA,50,4,Categorical MMD,1500,0.5666666030883789,0.4422222375869751,0.7022222280502319,0.2911111116409302,0.9091110408306119,0.25999999046325684,0.0006666666666666666
Mixture NCA,50,4,Tumor Size Diff,1500,0.3409241437911987,0.1654971539974212,0.5560704469680786,0.0397193171083927,0.8903746604919434,0.3905732929706574,0.01
Mixture NCA,50,4,Border Size Diff,1500,0.2302456051111221,0.1201281398534774,0.3703950941562652,0.0200213566422462,0.5706086754798889,0.2502669543027878,0.008
Mixture NCA,50,4,Spatial Variance Diff,1500,0.394453227519989,0.18760440498590464,0.6453154683113098,0.04991788417100897,0.9924786776304243,0.4577110633254052,0.008
Mixture NCA,50,5,KL Divergence,1500,0.020397711545228903,0.012734646908938824,0.0320992209017276,0.005964804999530225,0.055544499680399845,0.019364573992788778,0.038
Mixture NCA,50,5,Chi-Square,1500,0.01990730501711365,0.012532111490145251,0.030777643434703274,0.00594278103671964,0.05340488199144597,0.018245531944558024,0.034666666666666665
Mixture NCA,50,5,Categorical MMD,1500,0.5977777242660522,0.4755555391311645,0.7288888692855835,0.3155555725097656,0.9377777576446532,0.253333330154419,0.004
Mixture NCA,50,5,Tumor Size Diff,1500,0.385608360171318,0.19776909425854675,0.615649402141571,0.0297894868999719,0.9335694074630736,0.4178803078830243,0.008666666666666666
Mixture NCA,50,5,Border Size Diff,1500,0.2702883183956146,0.1401495039463043,0.4204484820365906,0.0300320349633693,0.6311732858419414,0.28029897809028625,0.004666666666666667
Mixture NCA,50,5,Spatial Variance Diff,1500,0.41132283210754395,0.19753625988960263,0.6628503054380417,0.04056360032409422,1.0127184808254244,0.465314045548439,0.007333333333333333
Mixture NCA,50,6,KL Divergence,1500,0.27644234895706177,0.17961873859167093,0.4143774062395095,0.07905176654458042,2.0843039274215687,0.2347586676478386,0.07533333333333334
Mixture NCA,50,6,Chi-Square,1500,0.19426186382770533,0.13975684717297548,0.25597582012414927,0.06995580308139317,0.3440964594483375,0.11621897295117378,0.004666666666666667
Mixture NCA,50,6,Categorical MMD,1500,0.8422222137451172,0.7200000286102295,0.9622222185134888,0.5488888025283813,1.1488888263702393,0.24222218990325928,0.005333333333333333
Mixture NCA,50,6,Tumor Size Diff,1500,0.2879650294780731,0.1323977261781692,0.5006288886070251,0.0231696013361215,0.8708459854125974,0.36823116242885595,0.019333333333333334
Mixture NCA,50,6,Border Size Diff,1500,0.1801922023296356,0.0800854265689849,0.3103310167789459,0.0200213566422462,0.5310665100812908,0.23024559020996102,0.016666666666666666
Mixture NCA,50,6,Spatial Variance Diff,1500,0.25009577721357346,0.12388436868786809,0.420797161757946,0.025113697815686405,0.7310193121433257,0.2969127930700779,0.027333333333333334
Mixture NCA,50,7,KL Divergence,1500,0.031132834032177897,0.0199018823914229,0.047213336452841724,0.007488819211721415,0.07893026173114773,0.027311454061418824,0.030666666666666665
Mixture NCA,50,7,Chi-Square,1500,0.02950805146247145,0.019181189592927674,0.043397382833063526,0.00733737985137847,0.06871121898293492,0.024216193240135853,0.028
Mixture NCA,50,7,Categorical MMD,1500,0.559999942779541,0.4399999380111694,0.695555567741394,0.3177777528762817,0.8823332905769347,0.25555562973022466,0.0033333333333333335
Mixture NCA,50,7,Tumor Size Diff,1500,0.3243744075298309,0.1654971539974212,0.5271084308624268,0.0297894868999719,0.864060616493225,0.36161127686500555,0.014
Mixture NCA,50,7,Border Size Diff,1500,0.3003203570842743,0.1801922023296356,0.4404698610305786,0.0500533916056156,0.6306727528572083,0.260277658700943,0.006
Mixture NCA,50,7,Spatial Variance Diff,1500,0.4028961956501007,0.1985773406922817,0.6412445604801178,0.040437469817697975,0.9801302284002303,0.4426672197878361,0.007333333333333333
Mixture NCA,100,1,KL Divergence,1500,10.253477096557615,9.434106826782228,14.476742029190063,8.961896896362305,15.121195793151855,5.042635202407835,0.0
Mixture NCA,100,1,Chi-Square,1500,1.4209476709365847,1.328048437833786,1.5392946898937225,1.1792426586151123,1.648045140504837,0.21124625205993652,0.0033333333333333335
Mixture NCA,100,1,Categorical MMD,1500,0.6244443655014038,0.4955555200576782,0.762222170829773,0.3355555534362793,0.9689999878406524,0.2666666507720947,0.0033333333333333335
Mixture NCA,100,1,Tumor Size Diff,1500,0.9267840385437012,0.7348073720932007,1.1320005655288696,0.49963590055704116,1.4401561737060544,0.39719319343566895,0.0033333333333333335
Mixture NCA,100,1,Border Size Diff,1500,0.7608115673065186,0.6406834125518799,0.8909503817558289,0.500533938407898,1.071142554283142,0.250266969203949,0.006
Mixture NCA,100,1,Spatial Variance Diff,1500,0.8252004384994507,0.5811077058315277,1.0716633200645447,0.29480690956115724,1.4387695789337158,0.49055561423301697,0.007333333333333333
Mixture NCA,100,2,KL Divergence,1500,0.061756465584039646,0.042734082788228975,0.08423070050775998,0.022821192070841698,0.13685410916805257,0.041496617719531004,0.03666666666666667
Mixture NCA,100,2,Chi-Square,1500,0.05655620805919165,0.03995574638247482,0.07519895024597638,0.02177818221971387,0.11005247272551055,0.035243203863501556,0.02266666666666667
Mixture NCA,100,2,Categorical MMD,1500,0.6866666078567505,0.5711110830307007,0.81333327293396,0.4377777576446533,0.9912221550941466,0.24222218990325928,0.0013333333333333333
Mixture NCA,100,2,Tumor Size Diff,1500,0.4501522481441498,0.2614854872226715,0.6652985215187073,0.07265325151383875,0.9731232523918152,0.40381303429603577,0.008
Mixture NCA,100,2,Border Size Diff,1500,0.6707154512405396,0.3904164433479309,0.910971701145172,0.0700747519731521,1.2713561058044434,0.5205552577972411,0.0013333333333333333
Mixture NCA,100,2,Spatial Variance Diff,1500,0.2332568243145942,0.1093051023781299,0.37983496487140656,0.02165526552125805,0.6950314879417419,0.27052986249327665,0.029333333333333333
Mixture NCA,100,3,KL Divergence,1500,4.676074981689453,2.377016305923462,16.844600677490234,0.24595728069543832,16.902435302734375,14.467584371566772,0.0
Mixture NCA,100,3,Chi-Square,1500,0.42927418649196625,0.32264192402362823,0.9999999403953552,0.16865872219204903,1.0,0.677358016371727,0.0
Mixture NCA,100,3,Categorical MMD,1500,0.7244443893432617,0.5838888585567474,0.856111079454422,0.397777795791626,1.0688889026641846,0.27222222089767456,0.006
Mixture NCA,100,3,Tumor Size Diff,1500,0.8473454117774963,0.6321991086006165,1.0790414810180664,0.3376141786575317,1.4035812973976134,0.44684237241744995,0.002
Mixture NCA,100,3,Border Size Diff,1500,0.7107581496238708,0.4304591715335846,0.9209824204444884,0.1201281398534774,1.1817605257034298,0.4905232489109038,0.0
Mixture NCA,100,3,Spatial Variance Diff,1500,0.7431256771087646,0.4662832096219063,1.0534313619136808,0.10345987603068348,1.5833481550216677,0.5871481522917745,0.020666666666666667
Mixture NCA,100,4,KL Divergence,1500,0.03008842095732685,0.01639957074075935,0.05618018470704555,0.00690951719880103,0.12341205626726141,0.039780613966286196,0.056666666666666664
Mixture NCA,100,4,Chi-Square,1500,0.02827767189592115,0.01593760540708895,0.048222030512988526,0.006636650254949875,0.08938932195305822,0.03228442510589957,0.03333333333333333
Mixture NCA,100,4,Categorical MMD,1500,0.5822222232818604,0.457777738571167,0.7177777290344238,0.2976666569709777,0.9378888666629789,0.25999999046325684,0.0006666666666666666
Mixture NCA,100,4,Tumor Size Diff,1500,0.3210644721984863,0.1588772684335708,0.5428306460380554,0.0364093743264675,0.8870647549629211,0.3839533776044846,0.011333333333333334
Mixture NCA,100,4,Border Size Diff,1500,0.2202349305152893,0.1101174652576446,0.3603844046592712,0.0200213566422462,0.5706086754798889,0.2502669394016266,0.008
Mixture NCA,100,4,Spatial Variance Diff,1500,0.3691035956144333,0.18284628167748446,0.6295753866434097,0.04232194814831016,0.9846004664897919,0.44672910496592527,0.01
Mixture NCA,100,5,KL Divergence,1500,0.02028959803283205,0.0127494297921657,0.0320992209017276,0.005964804999530225,0.055544499680399845,0.0193497911095619,0.03866666666666667
Mixture NCA,100,5,Chi-Square,1500,0.0198655519634485,0.012589672114700023,0.030800144188106,0.00594278103671964,0.05340488199144597,0.018210472073405978,0.034666666666666665
Mixture NCA,100,5,Categorical MMD,1500,0.5977777242660522,0.4755555391311645,0.7288888692855835,0.3155555725097656,0.9377777576446532,0.253333330154419,0.004
Mixture NCA,100,5,Tumor Size Diff,1500,0.385608360171318,0.1952866315841674,0.615649402141571,0.0297894868999719,0.9335694074630736,0.4203627705574037,0.008666666666666666
Mixture NCA,100,5,Border Size Diff,1500,0.2702883183956146,0.1401495039463043,0.4204484820365906,0.0300320349633693,0.6311732858419414,0.28029897809028625,0.004666666666666667
Mixture NCA,100,5,Spatial Variance Diff,1500,0.4115980416536331,0.19753625988960263,0.6628503054380417,0.0396871913224458,1.0127184808254244,0.465314045548439,0.007333333333333333
Mixture NCA,100,6,KL Divergence,1500,0.26386500895023346,0.18981027603149406,0.3633439838886261,0.10692479498684403,1.8990234971046436,0.17353370785713204,0.07466666666666667
Mixture NCA,100,6,Chi-Square,1500,0.1869217902421951,0.14470579847693438,0.23191602900624272,0.0886249229311943,0.31965762227773664,0.08721023052930835,0.024666666666666667
Mixture NCA,100,6,Categorical MMD,1500,1.0377777814865112,0.9111111164093018,1.1577777862548828,0.6688888072967529,1.3444445133209229,0.24666666984558105,0.03
Mixture NCA,100,6,Tumor Size Diff,1500,0.4534621834754944,0.2283860743045807,0.6851581931114197,0.05610353387892245,1.0593473017215727,0.456772118806839,0.008
Mixture NCA,100,6,Border Size Diff,1500,0.1701815277338028,0.0800854265689849,0.2903096675872803,0.0200213566422462,0.5105445981025696,0.21022424101829537,0.028666666666666667
Mixture NCA,100,6,Spatial Variance Diff,1500,0.36464156210422516,0.17283222824335098,0.5799852758646011,0.03507272955030197,0.951640999317169,0.40715304762125015,0.011333333333333334
Mixture NCA,100,7,KL Divergence,1500,0.03279317542910575,0.020816493779420797,0.04796802811324595,0.009002438141033001,0.07630707211792466,0.027151534333825153,0.029333333333333333
Mixture NCA,100,7,Chi-Square,1500,0.031064954586327048,0.02013709908351295,0.04470572806894778,0.008777178451418871,0.06798403970897195,0.02456862898543483,0.025333333333333333
Mixture NCA,100,7,Categorical MMD,1500,0.5666666030883789,0.448888897895813,0.6999999284744263,0.3265554845333099,0.8801111042499541,0.2511110305786133,0.004666666666666667
Mixture NCA,100,7,Tumor Size Diff,1500,0.2978948652744293,0.1489474326372146,0.49731894582509995,0.0264795441180467,0.8341056108474731,0.34837151318788534,0.015333333333333332
Mixture NCA,100,7,Border Size Diff,1500,0.2702883183956146,0.15766818448901168,0.40292980521917343,0.0400427132844924,0.6106513738632202,0.24526162073016175,0.006666666666666667
Mixture NCA,100,7,Spatial Variance Diff,1500,0.3771470934152603,0.1744681224226951,0.6130619645118713,0.03413823787122963,0.9424204468727108,0.43859384208917623,0.008
Stochastic Mixture NCA,25,1,KL Divergence,1500,14.51256275177002,14.150870800018312,14.800645828247072,13.6967556476593,15.26679630279541,0.6497750282287598,0.006666666666666667
Stochastic Mixture NCA,25,1,Chi-Square,1500,1.544262707233429,1.4865788519382477,1.5911234617233276,1.4166069328784943,1.6709314823150634,0.10454460978507996,0.0033333333333333335
Stochastic Mixture NCA,25,1,Categorical MMD,1500,0.6222221851348877,0.4955555200576782,0.7605555355548859,0.335444438457489,0.967000031471252,0.26500001549720764,0.0033333333333333335
Stochastic Mixture NCA,25,1,Tumor Size Diff,1500,0.9267840385437012,0.7381172776222229,1.132828027009964,0.49963590055704116,1.4403216719627376,0.3947107493877411,0.0033333333333333335
Stochastic Mixture NCA,25,1,Border Size Diff,1500,0.7708222270011902,0.6406834125518799,0.9009610414505004,0.5100440651178361,1.0716430902481076,0.2602776288986205,0.006666666666666667
Stochastic Mixture NCA,25,1,Spatial Variance Diff,1500,0.9219776093959808,0.6837508231401443,1.1350281238555908,0.45995961129665375,1.516913348436355,0.45127730071544647,0.01
Stochastic Mixture NCA,25,2,KL Divergence,1500,0.14975965768098826,0.10272068157792087,0.2174489870667457,0.05758114419877528,1.5732250928878766,0.11472830548882483,0.056666666666666664
Stochastic Mixture NCA,25,2,Chi-Square,1500,0.1018025130033493,0.07752645388245576,0.12874013558030123,0.049083006568253,0.1709904186427593,0.05121368169784547,0.006666666666666667
Stochastic Mixture NCA,25,2,Categorical MMD,1500,0.6066666841506958,0.4844443798065185,0.7422221899032593,0.3509999454021454,0.9311110973358154,0.2577778100967408,0.0033333333333333335
Stochastic Mixture NCA,25,2,Tumor Size Diff,1500,0.5990996956825256,0.4071229994297027,0.7985237687826157,0.2184562385082245,1.1220706701278689,0.39140076935291296,0.006666666666666667
Stochastic Mixture NCA,25,2,Border Size Diff,1500,0.1501601785421371,0.0700747519731521,0.2702883183956146,0.0200213566422462,0.4504805207252502,0.20021356642246252,0.011333333333333334
Stochastic Mixture NCA,25,2,Spatial Variance Diff,1500,0.44334524869918823,0.21616216003894806,0.6755737215280533,0.047504721581935826,1.0398542165756226,0.4594115614891052,0.002
Stochastic Mixture NCA,25,3,KL Divergence,1500,0.05796585418283935,0.02514311950653785,0.20427376776933664,0.006590728648006835,4.274042630195616,0.1791306482627988,0.19466666666666665
Stochastic Mixture NCA,25,3,Chi-Square,1500,0.055251894518733,0.024690291844308324,0.15917713195085523,0.006471092719584615,0.3977448284626007,0.1344868401065469,0.07866666666666666
Stochastic Mixture NCA,25,3,Categorical MMD,1500,0.7222222089767456,0.5911110639572144,0.8511110544204712,0.397777795791626,1.062222242355347,0.25999999046325684,0.002
Stochastic Mixture NCA,25,3,Tumor Size Diff,1500,0.5924798250198364,0.4005030989646911,0.8142459988594055,0.1621872037649154,1.175029754638672,0.4137428998947144,0.009333333333333334
Stochastic Mixture NCA,25,3,Border Size Diff,1500,0.4604912102222442,0.3303523957729339,0.6106513738632202,0.1201281398534774,0.8408969640731812,0.2802989780902863,0.009333333333333334
Stochastic Mixture NCA,25,3,Spatial Variance Diff,1500,0.5336422622203827,0.32134971022605896,0.7892149686813354,0.07319819182157516,1.171879082918167,0.4678652584552765,0.010666666666666666
Stochastic Mixture NCA,25,4,KL Divergence,1500,0.07582124322652815,0.04506785236299035,0.11577941477298732,0.01936368364840739,0.21462243795394897,0.07071156240999697,0.043333333333333335
Stochastic Mixture NCA,25,4,Chi-Square,1500,0.0597107466310262,0.039100040681660175,0.08366005495190615,0.018430874589830597,0.12340255938470361,0.04456001427024597,0.011333333333333334
Stochastic Mixture NCA,25,4,Categorical MMD,1500,0.5322222113609314,0.40833327174186707,0.6666666269302368,0.2666666507720947,0.871222150325775,0.25833335518836975,0.005333333333333333
Stochastic Mixture NCA,25,4,Tumor Size Diff,1500,0.4633920192718506,0.2846550941467285,0.6719184517860413,0.09251290820538995,0.9997682929039,0.38726335763931274,0.009333333333333334
Stochastic Mixture NCA,25,4,Border Size Diff,1500,0.3103310167789459,0.1801922023296356,0.4304591715335846,0.0500533916056156,0.6306727528572083,0.250266969203949,0.005333333333333333
Stochastic Mixture NCA,25,4,Spatial Variance Diff,1500,0.5315169990062714,0.31014224141836166,0.7614625096321106,0.10948662497103206,1.105388182401657,0.45132026821374893,0.007333333333333333
Stochastic Mixture NCA,25,5,KL Divergence,1500,0.02787843532860275,0.018784699495881775,0.0386249143630266,0.009954101778566805,0.06048352252691974,0.019840214867144823,0.030666666666666665
Stochastic Mixture NCA,25,5,Chi-Square,1500,0.027583634480833952,0.018646299373358474,0.0380312213674187,0.009999006846919595,0.05927233751863239,0.019384921994060222,0.028666666666666667
Stochastic Mixture NCA,25,5,Categorical MMD,1500,0.5722221732139587,0.4511110782623291,0.6983332931995392,0.3177777528762817,0.8999999761581421,0.24722221493721008,0.006
Stochastic Mixture NCA,25,5,Tumor Size Diff,1500,0.3690586537122726,0.178736925125122,0.5858598947525024,0.0397193171083927,0.897325527667999,0.4071229696273805,0.005333333333333333
Stochastic Mixture NCA,25,5,Border Size Diff,1500,0.2802990078926086,0.1401495039463043,0.4104378223419189,0.0300320349633693,0.6206620335578918,0.2702883183956146,0.005333333333333333
Stochastic Mixture NCA,25,5,Spatial Variance Diff,1500,0.41647154092788696,0.20217205956578255,0.6653732508420944,0.043583861365914287,0.9930856138467788,0.4632011912763119,0.005333333333333333
Stochastic Mixture NCA,25,6,KL Divergence,1500,2.2154364585876465,0.5568499118089676,3.0274043679237366,0.2464778237044811,5.145670557022094,2.470554456114769,0.002
Stochastic Mixture NCA,25,6,Chi-Square,1500,0.32143434882164,0.2712122052907943,0.3732110112905502,0.1668412573635578,0.45769697427749617,0.10199880599975586,0.028
Stochastic Mixture NCA,25,6,Categorical MMD,1500,0.713333249092102,0.5955555438995361,0.8355555534362793,0.4287776887416839,1.0512222111225127,0.24000000953674316,0.012
Stochastic Mixture NCA,25,6,Tumor Size Diff,1500,0.6024096012115479,0.38643584400415415,0.8440354466438293,0.1191579475998878,1.1650999784469604,0.4575996026396752,0.006
Stochastic Mixture NCA,25,6,Border Size Diff,1500,0.2202349305152893,0.1001067832112312,0.4304591715335846,0.0200213566422462,0.7608115673065186,0.33035238832235336,0.013333333333333334
Stochastic Mixture NCA,25,6,Spatial Variance Diff,1500,0.31681278347969055,0.15563661977648732,0.5409627258777618,0.03397202529013153,0.9371676594018937,0.3853261061012745,0.023333333333333334
Stochastic Mixture NCA,25,7,KL Divergence,1500,0.0209465660154819,0.01146046351641415,0.03256434760987757,0.004396171867847345,0.05743335094302887,0.02110388409346342,0.034666666666666665
Stochastic Mixture NCA,25,7,Chi-Square,1500,0.0198511034250259,0.011163180228322675,0.029729655012488275,0.004357695206999745,0.05119279865175478,0.0185664747841656,0.028
Stochastic Mixture NCA,25,7,Categorical MMD,1500,0.5799999237060547,0.47055551409721375,0.7022222280502319,0.3466665744781494,0.8888888359069824,0.2316667139530182,0.006666666666666667
Stochastic Mixture NCA,25,7,Tumor Size Diff,1500,0.2449357807636261,0.1050906907767057,0.4435323774814605,0.0198596585541963,0.7746921539306639,0.33844168670475483,0.015333333333333332
Stochastic Mixture NCA,25,7,Border Size Diff,1500,0.2402562797069549,0.1101174652576446,0.3703950941562652,0.0200213566422462,0.5706086754798889,0.2602776288986206,0.005333333333333333
Stochastic Mixture NCA,25,7,Spatial Variance Diff,1500,0.32224123179912567,0.13479543104767794,0.5621874928474426,0.026196754444390458,0.8948511511087417,0.4273920617997647,0.008
Stochastic Mixture NCA,50,1,KL Divergence,1500,14.51256275177002,14.150870800018312,14.800645828247072,13.6967556476593,15.26679630279541,0.6497750282287598,0.006666666666666667
Stochastic Mixture NCA,50,1,Chi-Square,1500,1.544262707233429,1.4865788519382477,1.5911234617233276,1.4166069328784943,1.6709314823150634,0.10454460978507996,0.0033333333333333335
Stochastic Mixture NCA,50,1,Categorical MMD,1500,0.6222221851348877,0.4955555200576782,0.7605555355548859,0.335444438457489,0.967000031471252,0.26500001549720764,0.0033333333333333335
Stochastic Mixture NCA,50,1,Tumor Size Diff,1500,0.9267840385437012,0.7381172776222229,1.132828027009964,0.49963590055704116,1.4403216719627376,0.3947107493877411,0.0033333333333333335
Stochastic Mixture NCA,50,1,Border Size Diff,1500,0.7708222270011902,0.6406834125518799,0.9009610414505004,0.5100440651178361,1.0716430902481076,0.2602776288986205,0.006666666666666667
Stochastic Mixture NCA,50,1,Spatial Variance Diff,1500,0.9219776093959808,0.6837508231401443,1.1350281238555908,0.45995961129665375,1.516913348436355,0.45127730071544647,0.01
Stochastic Mixture NCA,50,2,KL Divergence,1500,0.1175306290388107,0.0811820216476917,0.16610757261514658,0.04761623162776228,0.2634110748767853,0.08492555096745488,0.03333333333333333
Stochastic Mixture NCA,50,2,Chi-Square,1500,0.092519536614418,0.06785246357321735,0.11777517572045325,0.04305361490696662,0.166564455628395,0.0499227121472359,0.013333333333333334
Stochastic Mixture NCA,50,2,Categorical MMD,1500,0.644444465637207,0.5288888216018677,0.7755554914474487,0.3931110918521881,0.9578888475894927,0.24666666984558105,0.0013333333333333333
Stochastic Mixture NCA,50,2,Tumor Size Diff,1500,0.5378657579421997,0.3309943079948425,0.7314974069595337,0.1390176117420196,1.0431285917758937,0.4005030989646912,0.006
Stochastic Mixture NCA,50,2,Border Size Diff,1500,0.2903096675872803,0.1401495039463043,0.4830152317881584,0.0300320349633693,0.7913441389799114,0.3428657278418541,0.010666666666666666
Stochastic Mixture NCA,50,2,Spatial Variance Diff,1500,0.27544036507606506,0.12269560247659679,0.46757199615240097,0.025211127754300757,0.830760860443115,0.3448763936758042,0.018666666666666668
Stochastic Mixture NCA,50,3,KL Divergence,1500,2.077970862388611,0.11991691961884499,4.342783212661743,0.01797844115644689,7.746933436393734,4.222866293042898,0.024
Stochastic Mixture NCA,50,3,Chi-Square,1500,0.2903544306755066,0.10865263454616063,0.41928757727146143,0.017507771309465125,0.7007144689559929,0.3106349427253008,0.034
Stochastic Mixture NCA,50,3,Categorical MMD,1500,0.7577776908874512,0.6044443845748901,0.8955554962158203,0.4044444561004638,1.1222221851348877,0.2911111116409302,0.0013333333333333333
Stochastic Mixture NCA,50,3,Tumor Size Diff,1500,0.7712167501449585,0.569310188293457,0.9996027946472168,0.3343042433261871,1.330928039550781,0.43029260635375977,0.007333333333333333
Stochastic Mixture NCA,50,3,Border Size Diff,1500,0.5906299948692322,0.4104378223419189,0.7708222270011902,0.1701815277338028,1.0411105155944824,0.3603844046592713,0.0033333333333333335
Stochastic Mixture NCA,50,3,Spatial Variance Diff,1500,0.543755054473877,0.27793077379465103,0.9245642870664598,0.07442211806774135,1.6613244771957396,0.6466335132718087,0.034
Stochastic Mixture NCA,50,4,KL Divergence,1500,0.07162106409668915,0.04212267976254217,0.1108291018754243,0.01734834071248762,0.20807499364018434,0.06870642211288214,0.04733333333333333
Stochastic Mixture NCA,50,4,Chi-Square,1500,0.057907013222575146,0.03689979668706653,0.08148690126836297,0.016134200058877432,0.12327766492962829,0.044587104581296444,0.012666666666666666
Stochastic Mixture NCA,50,4,Categorical MMD,1500,0.5344443917274475,0.4088888168334961,0.6688888072967529,0.268777722120285,0.8822221755981445,0.25999999046325684,0.006
Stochastic Mixture NCA,50,4,Tumor Size Diff,1500,0.4567721486091614,0.2780352234840393,0.6652985215187073,0.0860585197806358,0.9929829239845276,0.38726329803466797,0.009333333333333334
Stochastic Mixture NCA,50,4,Border Size Diff,1500,0.3003203570842743,0.1701815277338028,0.4304591715335846,0.0500533916056156,0.6306727528572083,0.2602776437997818,0.004666666666666667
Stochastic Mixture NCA,50,4,Spatial Variance Diff,1500,0.5218043029308319,0.3042850270867347,0.7545570731163025,0.09497211016714571,1.1046018779277802,0.4502720460295678,0.007333333333333333
Stochastic Mixture NCA,50,5,KL Divergence,1500,0.02773460187017915,0.018772925250232175,0.03864791523665187,0.0097805419005453,0.06048352252691974,0.019874989986419695,0.030666666666666665
Stochastic Mixture NCA,50,5,Chi-Square,1500,0.0274396380409598,0.01856428664177655,0.038139645941555424,0.009838056564331015,0.05942985117435453,0.019575359299778872,0.027333333333333334
Stochastic Mixture NCA,50,5,Categorical MMD,1500,0.5755555629730225,0.4533332586288452,0.6999999284744263,0.3177777528762817,0.8999999761581421,0.24666666984558105,0.006666666666666667
Stochastic Mixture NCA,50,5,Tumor Size Diff,1500,0.3674036860466003,0.1754269748926162,0.5833774656057358,0.0397193171083927,0.8936846256256104,0.4079504907131196,0.005333333333333333
Stochastic Mixture NCA,50,5,Border Size Diff,1500,0.2702883183956146,0.1401495039463043,0.4104378223419189,0.0300320349633693,0.6206620335578918,0.2702883183956146,0.004666666666666667
Stochastic Mixture NCA,50,5,Spatial Variance Diff,1500,0.41373446583747864,0.19743126258254048,0.6629909574985504,0.04526569116860627,0.9892675340175628,0.4655596949160099,0.004666666666666667
Stochastic Mixture NCA,50,6,KL Divergence,1500,2.146048903465271,0.5914293378591537,2.8547840118408203,0.2907028660178184,5.087870097160338,2.2633546739816666,0.006
Stochastic Mixture NCA,50,6,Chi-Square,1500,0.3383413106203079,0.2814249321818351,0.3849904015660286,0.19571267589926714,0.45813500583171834,0.10356546938419348,0.022
Stochastic Mixture NCA,50,6,Categorical MMD,1500,0.7499999403953552,0.6355555057525635,0.8822221755981445,0.4821110904216766,1.1023333191871643,0.24666666984558105,0.007333333333333333
Stochastic Mixture NCA,50,6,Tumor Size Diff,1500,0.483251690864563,0.2714153230190277,0.7182576060295105,0.0628889203071594,1.049251914024353,0.4468422830104828,0.006666666666666667
Stochastic Mixture NCA,50,6,Border Size Diff,1500,0.2202349305152893,0.1001067832112312,0.3603844046592712,0.0200213566422462,0.6211625695228572,0.26027762144804,0.022
Stochastic Mixture NCA,50,6,Spatial Variance Diff,1500,0.2775583863258362,0.13217984884977335,0.4921637400984764,0.02412955211475486,0.8518274873495101,0.35998389124870306,0.021333333333333333
Stochastic Mixture NCA,50,7,KL Divergence,1500,0.01981462910771365,0.011348070111125676,0.031859845854341956,0.00393908740952609,0.057957802526652724,0.02051177574321628,0.034
Stochastic Mixture NCA,50,7,Chi-Square,1500,0.0187802063301205,0.011029131244868026,0.029671079479157897,0.003902893105987415,0.0515500426292419,0.01864194823428987,0.03133333333333333
Stochastic Mixture NCA,50,7,Categorical MMD,1500,0.5933332443237305,0.4844443798065185,0.7111110687255859,0.3665555596351623,0.8933333158493042,0.22666668891906744,0.008666666666666666
Stochastic Mixture NCA,50,7,Tumor Size Diff,1500,0.2151463031768798,0.0992982909083366,0.4038130342960357,0.0198596585541963,0.7217330694198607,0.3045147433876991,0.02266666666666667
Stochastic Mixture NCA,50,7,Border Size Diff,1500,0.2102242410182953,0.0900961011648178,0.3403630554676056,0.0200213566422462,0.5305659770965576,0.2502669543027878,0.004666666666666667
Stochastic Mixture NCA,50,7,Spatial Variance Diff,1500,0.28553721308708185,0.1245971135795116,0.5207160711288452,0.021788562741130536,0.8529926180839538,0.39611895754933363,0.010666666666666666
Stochastic Mixture NCA,100,1,KL Divergence,1500,14.51256275177002,14.150870800018312,14.800645828247072,13.6967556476593,15.26679630279541,0.6497750282287598,0.006666666666666667
Stochastic Mixture NCA,100,1,Chi-Square,1500,1.544262707233429,1.4865788519382477,1.5911234617233276,1.4166069328784943,1.6709314823150634,0.10454460978507996,0.0033333333333333335
Stochastic Mixture NCA,100,1,Categorical MMD,1500,0.6222221851348877,0.4955555200576782,0.7605555355548859,0.335444438457489,0.967000031471252,0.26500001549720764,0.0033333333333333335
Stochastic Mixture NCA,100,1,Tumor Size Diff,1500,0.9267840385437012,0.7381172776222229,1.132828027009964,0.49963590055704116,1.4403216719627376,0.3947107493877411,0.0033333333333333335
Stochastic Mixture NCA,100,1,Border Size Diff,1500,0.7708222270011902,0.6406834125518799,0.9009610414505004,0.5100440651178361,1.0716430902481076,0.2602776288986205,0.006666666666666667
Stochastic Mixture NCA,100,1,Spatial Variance Diff,1500,0.9219776093959808,0.6837508231401443,1.1350281238555908,0.45995961129665375,1.516913348436355,0.45127730071544647,0.01
Stochastic Mixture NCA,100,2,KL Divergence,1500,0.11637618020176885,0.08249015174806117,0.16102579236030576,0.048743998818099474,0.25864245295524596,0.07853564061224459,0.03666666666666667
Stochastic Mixture NCA,100,2,Chi-Square,1500,0.09665571153163904,0.07098260894417756,0.12472506240010257,0.04453945644199843,0.1804896458983421,0.053742453455925016,0.018
Stochastic Mixture NCA,100,2,Categorical MMD,1500,0.662222146987915,0.551111102104187,0.7916666567325592,0.4154443681240082,0.9733333587646484,0.2405555546283722,0.0013333333333333333
Stochastic Mixture NCA,100,2,Tumor Size Diff,1500,0.4998013973236084,0.29044750332832336,0.6926055550575256,0.0959883481264114,1.0095325708389282,0.40215805172920227,0.008
Stochastic Mixture NCA,100,2,Border Size Diff,1500,0.5455819666385651,0.2903096675872803,0.7808328866958618,0.0500533916056156,1.1211960315704346,0.49052321910858154,0.002
Stochastic Mixture NCA,100,2,Spatial Variance Diff,1500,0.253984734416008,0.12552788108587265,0.4000178351998329,0.025218599848449156,0.7251083880662917,0.27448995411396027,0.027333333333333334
Stochastic Mixture NCA,100,3,KL Divergence,1500,2.54560124874115,1.7842714488506317,4.396246910095215,0.24075365662574763,5.957999753952023,2.611975461244583,0.030666666666666665
Stochastic Mixture NCA,100,3,Chi-Square,1500,0.3429597169160843,0.27828797698020935,0.4122741222381591,0.15983372777700416,0.5960044413805008,0.13398614525794977,0.05466666666666667
Stochastic Mixture NCA,100,3,Categorical MMD,1500,0.7788888812065125,0.6466666460037231,0.9177777767181396,0.4643332898616791,1.124777817726135,0.2711111307144165,0.002
Stochastic Mixture NCA,100,3,Tumor Size Diff,1500,0.7497020959854126,0.5196610689163208,0.9772606939077377,0.2416258454322815,1.3074275255203247,0.45759962499141693,0.0033333333333333335
Stochastic Mixture NCA,100,3,Border Size Diff,1500,0.40543247759342194,0.1902028918266296,0.6506940722465515,0.0400427132844924,0.9710357785224916,0.4604911804199219,0.0026666666666666666
Stochastic Mixture NCA,100,3,Spatial Variance Diff,1500,0.5575579404830933,0.24466134980320925,0.9582770764827727,0.05226506367325781,1.9835888624191278,0.7136157266795635,0.048
Stochastic Mixture NCA,100,4,KL Divergence,1500,0.0687699802219867,0.04043495655059805,0.1075020637363195,0.016096773929893886,0.20457692667841898,0.06706710718572145,0.04666666666666667
Stochastic Mixture NCA,100,4,Chi-Square,1500,0.05651678144931785,0.035683202557265675,0.07946215569972986,0.015364565467461906,0.1222029000520706,0.04377895314246419,0.015333333333333332
Stochastic Mixture NCA,100,4,Categorical MMD,1500,0.5366666316986084,0.4111111164093017,0.6688888072967529,0.2688888311386108,0.8801111042499541,0.2577776908874512,0.006
Stochastic Mixture NCA,100,4,Tumor Size Diff,1500,0.4567721486091614,0.2747252583503723,0.6652985215187073,0.08589302264153956,0.9898384571075438,0.39057326316833496,0.008666666666666666
Stochastic Mixture NCA,100,4,Border Size Diff,1500,0.3003203570842743,0.1701815277338028,0.4204484820365906,0.0500533916056156,0.6206620335578918,0.2502669543027878,0.008
Stochastic Mixture NCA,100,4,Spatial Variance Diff,1500,0.5190269947052002,0.29999028891324997,0.75352643430233,0.09190692603588103,1.1022567868232727,0.45353614538908005,0.007333333333333333
Stochastic Mixture NCA,100,5,KL Divergence,1500,0.02773460187017915,0.018772925250232175,0.03864791523665187,0.0097805419005453,0.06048352252691974,0.019874989986419695,0.030666666666666665
Stochastic Mixture NCA,100,5,Chi-Square,1500,0.0274396380409598,0.01856428664177655,0.038139645941555424,0.009838056564331015,0.05942985117435453,0.019575359299778872,0.027333333333333334
Stochastic Mixture NCA,100,5,Categorical MMD,1500,0.5755555629730225,0.4533332586288452,0.6999999284744263,0.3177777528762817,0.8999999761581421,0.24666666984558105,0.006666666666666667
Stochastic Mixture NCA,100,5,Tumor Size Diff,1500,0.3674036860466003,0.1754269748926162,0.5833774656057358,0.0397193171083927,0.8936846256256104,0.4079504907131196,0.005333333333333333
Stochastic Mixture NCA,100,5,Border Size Diff,1500,0.2702883183956146,0.1401495039463043,0.4104378223419189,0.0300320349633693,0.6206620335578918,0.2702883183956146,0.004666666666666667
Stochastic Mixture NCA,100,5,Spatial Variance Diff,1500,0.41373446583747864,0.19743126258254048,0.6629909574985504,0.04526569116860627,0.9892675340175628,0.4655596949160099,0.004666666666666667
Stochastic Mixture NCA,100,6,KL Divergence,1500,2.265995144844055,0.4750395789742469,4.33449387550354,0.23067254349589347,6.938743686676019,3.859454296529293,0.04533333333333334
Stochastic Mixture NCA,100,6,Chi-Square,1500,0.3378843814134598,0.2639917954802513,0.4150363951921463,0.16365309506654738,0.6922163665294643,0.151044599711895,0.054
Stochastic Mixture NCA,100,6,Categorical MMD,1500,0.7666666507720947,0.6333333253860474,0.9111111164093018,0.4509999692440033,1.1289999604225158,0.2777777910232544,0.004
Stochastic Mixture NCA,100,6,Tumor Size Diff,1500,0.6388189792633057,0.38643584400415415,0.9102343320846558,0.0695088058710098,1.227988839149475,0.5237984880805016,0.0013333333333333333
Stochastic Mixture NCA,100,6,Border Size Diff,1500,0.4104378223419189,0.1977108977735042,0.6406834125518799,0.0400427132844924,0.9710357785224916,0.4429725147783757,0.002
Stochastic Mixture NCA,100,6,Spatial Variance Diff,1500,0.503957986831665,0.272776797413826,0.805144876241684,0.05652814209461208,1.1994523525238037,0.532368078827858,0.006
Stochastic Mixture NCA,100,7,KL Divergence,1500,0.020817918702959952,0.012307165190577476,0.032740371301770155,0.004734091786667685,0.056675020232796657,0.02043320611119268,0.03133333333333333
Stochastic Mixture NCA,100,7,Chi-Square,1500,0.020151154138147748,0.0120511634740978,0.03111332282423965,0.00467340787872666,0.0516849333420395,0.01906215935014185,0.02666666666666667
Stochastic Mixture NCA,100,7,Categorical MMD,1500,0.6088888645172119,0.5044443607330322,0.7288888692855835,0.3821110665798187,0.908888816833496,0.22444450855255127,0.008
Stochastic Mixture NCA,100,7,Tumor Size Diff,1500,0.2085264027118683,0.0959883481264114,0.3707136213779449,0.0198596585541963,0.6820137828588484,0.2747252732515335,0.025333333333333333
Stochastic Mixture NCA,100,7,Border Size Diff,1500,0.1801922023296356,0.0900961011648178,0.3003203570842743,0.0200213566422462,0.500533938407898,0.21022425591945648,0.016
Stochastic Mixture NCA,100,7,Spatial Variance Diff,1500,0.26304443180561066,0.1136430092155933,0.48597458004951477,0.02310456316918129,0.8069371342658996,0.3723315708339215,0.011333333333333334
